Codigo,Bairro,Casos,Casos/Pop,Latitude,Longitude
1,RECIFE,71,0.11794019900000001,-8.054056,-34.870922
2, SANTO ANTONIO,11,0.038596491000000004,-8.065004,-34.880369
3, SAO JOSE,138,0.015883978,-8.072325,-34.884105
4, ILHA JOANA BEZERRA,158,0.012510888000000001,-8.070706,-34.896815000000004
5, CABANGA,27,0.017408124,-8.079862,-34.89416
6, COELHOS,124,0.016245251000000002,-8.068184,-34.889312
7, ILHA DO LEITE,13,0.012909633,-8.065334,-34.894834
8, BOA VISTA,155,0.010488563999999999,-8.055959,-34.895418
9, PAISSANDU,5,0.009861933,-8.063769,-34.899011
10, SANTO AMARO,130,0.004652994000000001,-8.046277,-34.878683
11, SOLEDADE,11,0.004408818,-8.056498,-34.890705
12, ESPINHEIRO,42,0.004023759,-8.043167,-34.891438
13, AFLITOS,18,0.003117963,-8.039793,-34.896217
14, DERBY,15,0.007242878,-8.056225999999999,-34.899658
15, JAQUEIRA,7,0.0043997490000000005,-8.036324,-34.903728
16, GRACAS,73,0.003554387,-8.045213,-34.902105999999996
17, ENCRUZILHADA,58,0.0048576209999999995,-8.037272,-34.891022
18, ROSARINHO,47,0.011528084,-8.033094,-34.89751
19, TAMARINEIRA,70,0.004956103,-8.030194999999999,-34.902829
20, BOA VIAGEM,537,0.004368624000000001,-8.131611,-34.902440999999996
21, IPSEP,263,0.010507811,-8.109995,-34.921434000000005
22, JORDAO,300,0.014439043,-8.135841000000001,-34.935564
23, IBURA,643,0.012703242,-8.120724000000001,-34.932485
24, PINA,206,0.007060598,-8.092999,-34.894549
25, BRASILIA TEIMOSA,101,0.005508891,-8.083491,-34.880403
26, IMBIRIBEIRA,597,0.012306234,-8.103732,-34.910841
27, TORREAO,4,0.003693444,-8.039843,-34.883807
28, CAMPO GRANDE,233,0.007247504,-8.032241,-34.881398
29, PEIXINHOS,52,0.010404162,-8.018802,-34.877088
30, HIPODROMO,9,0.003386005,-8.032523,-34.88796
31, CAMPINA DO BARRETO,226,0.023829608,-8.016928,-34.882473
32, ARRUDA,180,0.012388162,-8.025182000000001,-34.893521
33, AGUA FRIA,495,0.011371728999999999,-8.014991,-34.89687
34, FUNDAO,71,0.008730939,-8.014228999999998,-34.891982
35, CAJUEIRO,73,0.011087485,-8.011387,-34.885902
36, PORTO DA MADEIRA,52,0.006741864,-8.007646000000001,-34.890155
37, BEBERIBE,90,0.010162602,-8.0048,-34.896246000000005
38, LINHA DO TIRO,187,0.012578193,-8.008606,-34.904703000000005
39, DOIS UNIDOS,297,0.009025984,-7.998286,-34.913034
40, PASSARINHO,78,0.003841418,-7.979706,-34.918302000000004
41, GUABIRABA,89,0.014060032,-7.981763000000001,-34.937008
42, BOMBA DO HEMETERIO,222,0.026203966000000002,-8.021554,-34.900892
43, CASA AMARELA,485,0.016620973,-8.026561000000001,-34.917834
44, CASA FORTE,58,0.008592593,-8.033522999999999,-34.918972
45, SANTANA,6,0.001964637,-8.040564999999999,-34.915822999999996
46, PARNAMIRIM,26,0.003404924,-8.033425,-34.910441999999996
47, POCO,38,0.00823402,-8.035322,-34.924479999999996
48, MONTEIRO,8,0.0013520370000000002,-8.025561999999999,-34.929978000000006
49, ALTO DO MANDU,33,0.007089151,-8.022458,-34.927372999999996
50, APIPUCOS,43,0.012866546999999999,-8.019751,-34.935871
51, MANGABEIRA,86,0.012374101,-8.024132,-34.903105
52, ALTO JOSE DO PINHO,227,0.018404411000000002,-8.023089,-34.907942999999996
53, MORRO DA CONCEICAO,62,0.0060891769999999994,-8.019586,-34.914105
54, ALTO JOSE BONIFACIO,80,0.006419515,-8.013365,-34.913295
55, VASCO DA GAMA,488,0.015729251,-8.014012,-34.918771
56, NOVA DESCOBERTA,26,0.000759967,-8.003255000000001,-34.926511
57, BREJO DE BEBERIBE,292,0.035214665,-7.999047,-34.923881
58, MACAXEIRA,94,0.004627578,-8.013177,-34.929234
59, DOIS IRMAOS,61,0.023772408,-8.016247,-34.945398
60, SITIO DOS PINTOS,68,0.009345794000000001,-8.013121,-34.958403000000004
61, BREJO DA GUABIRABA,265,0.022587793999999998,-7.993024,-34.932774
62, CORREGO DO JENIPAPO,246,0.026606099999999997,-8.003108000000001,-34.936503
63, PAU FERRO,0,0.0,-7.969003999999999,-34.970188
64, MADALENA,202,0.009147721999999999,-8.053574000000001,-34.908773
65, TORRE,84,0.004691951,-8.045059,-34.909934
66, PRADO,71,0.00607149,-8.060058,-34.916745
67, ZUMBI,493,0.081717222,-8.052906,-34.917896
68, CORDEIRO,965,0.023442814,-8.049875,-34.927646
69, IPUTINGA,530,0.010153256999999999,-8.036721,-34.935421000000005
70, TORROES,165,0.005153834,-8.059447,-34.936009999999996
71, ENGENHO DO MEIO,42,0.004113210999999999,-8.056574000000001,-34.943740000000005
72, CIDADE UNIVERSITARIA,1130,1.3814180919999999,-8.051434,-34.950202000000004
73, VARZEA,181,0.002569089,-8.047943,-34.971069
74, CAXANGA,93,0.009653311,-8.026085,-34.952809
75, CURADO,55,0.003349982,-8.071222,-34.954103
76, ILHA DO RETIRO,536,0.143315508,-8.064926,-34.905193
77, AFOGADOS,149,0.004108645,-8.077035,-34.90916
78, MUSTARDINHA,101,0.008126157,-8.070698,-34.919740000000004
79, MANGUEIRA,126,0.014858491000000001,-8.076649,-34.921046999999994
80, BONGI,184,0.022724466000000002,-8.065584,-34.918094
81, SAN MARTIN,317,0.01247344,-8.071010000000001,-34.928781
82, JIQUIA,92,0.00897999,-8.085967,-34.924493
83, ESTANCIA,168,0.018181818,-8.083306,-34.930008
84, CACOTE,42,0.004011461,-8.10148,-34.932815000000005
85, AREIAS,499,0.016692313,-8.093361999999999,-34.931526
86, JARDIM SAO PAULO,324,0.010237614,-8.080932,-34.943296000000004
87, BARRO,197,0.006185826,-8.096103,-34.953499
88, COHAB,1245,0.018503931,-8.11853,-34.954772999999996
89, TEJIPIO,100,0.011213276999999999,-8.089563,-34.960372
90, SANCHO,58,0.005179034,-8.084961,-34.960321
91, TOTO,66,0.027272727000000004,-8.082477,-34.967886
92, COQUEIRAL,116,0.010746711,-8.086432,-34.968609
93, PONTO DE PARADA,33,0.021235521,-8.029665,-34.893462
94, ALTO SANTA TEREZINHA,33,0.004284045,-8.016696000000001,-34.908642
